{
  "name": "degenesis",
  "title": "degenesis",
  "description": "Intuitive game system to is based heavily off the source material for Degenesis.",
  "version": "0.1.0",
  "author": "Zainrax",
  "authors": [
    {
      "name": "",
      "email": "",
      "url": ""
    }
  ],
  "scripts": [],
  "esmodules": ["degenesis.js"],
  "styles": ["degenesis.css"],
  "packs": [],
  "languages": [],
  "gridDistance": 1,
  "gridUnits": "",
  "minimumCoreVersion": "0.5.0",
  "compatibleCoreVersion": "0.5.0",
  "url": "https://github.com/Zainrax/FoundryVTT-Degenesis",
  "manifest": "https://raw.githubusercontent.com/Zainrax/FoundryVTT-Degenesis/master/src/system.json",
  "download": "https://github.com/Zainrax/FoundryVTT-Degenesis/blob/master/package/degenesis-v0.1.0.zip?raw=true",
  "license": "MIT",
  "readme": "https://raw.githubusercontent.com/Zainrax/FoundryVTT-Degenesis/master/README.md",
  "bugs": "",
  "changelog": ""
}
